{"_wandb":{"runtime":0},"epoch":19,"loss":0.25617966636206385,"vram_gb":1.6,"_timestamp":1.7841136280064201e+09,"_step":19,"_runtime":0}