{"_runtime":0,"loss":0.20411977757470923,"vram_gb":4,"_timestamp":1.7841136431114647e+09,"_step":19,"epoch":19,"_wandb":{"runtime":0}}