{"epoch":19,"loss":0.28510182679948304,"vram_gb":3.2,"_runtime":0,"_wandb":{"runtime":0},"_timestamp":1.7841136378879457e+09,"_step":19}