{"_step":19,"_wandb":{"runtime":0},"_runtime":0,"epoch":19,"loss":0.2677485305370315,"vram_gb":2.4000000000000004,"_timestamp":1.7841136327746978e+09}