{"_runtime":6,"vram_gb":1.6,"_timestamp":1.7840921356396742e+09,"_step":19,"epoch":19,"loss":0.11897782303413391,"lr":3.7735360253530726e-05,"_wandb":{"runtime":6}}